cust_id,cust_name,username,user_pass
1,Jeanette Nelson,kevinduran,Y6Akq&75*B
2,Joshua Thomas,dennisjoel,wD5%HGvh*Z
3,Tyrone Barnett,angela24,+gBcD6hk18
4,Donna Thompson,mprice,^T8d3xIruy
5,Suzanne Garcia,marie50,h%C6HpHw9W
6,Daniel Thornton,edward79,&i0Fey4QR_
7,Benjamin Thomas,melissa29,DQKjcCkb#1
8,Gary Kaufman,vcooke,M6#9Vbz+d9
9,Rebecca Wood,stephanie09,R0&%Q)yr(Z
10,Stephen Lewis,natashayoung,7bpLgzqA_8
11,James Greene,hinessandra,!#1PNiig&h
12,Rebekah Watkins,kevinzimmerman,yi%*q3Xxn4
13,Robert Andrews,juliekim,$aV@DgXrP7
14,Kenneth Lee,william77,Z*f3Q6pV2#
15,Ryan Peterson,vthomas,f_o2U9No%%
16,Charles Reed,james75,46@8Qd#4)O
17,Emily Mendez,christinemendoza,_W8x7GytN^
18,Margaret Strong,james09,Jwc2ELVAa!
19,Louis Goodman,qferguson,_)0%Wlh0B(
20,Shelley Mata,silvatina,&(8E1Pjb@6
21,Emily White,xnorris,EW*5cTOxT)
22,Mckenzie Gonzalez,christopherjones,0H7K50On!_
23,Julie Carlson,christina80,)m2Ywe1wuk
24,Jeanette Garcia DVM,fmartinez,$*L01+Tobn
25,Wendy Humphrey,lancethomas,%X50DEr1J$
26,Daniel Powell,ashley74,3!ydJdJA&B
27,David King,hjames,5m1kEzj8Y&
28,Nancy Baker,susan80,h$9iMRccH(
29,Meagan Gonzalez,rpineda,M3^G!9Mv7@
30,Jonathan Martin,diane33,*Xox7JGn0_
31,Brian Campbell,raylaurie,(19w(Rqruq
32,Dale Gonzales,rodriguezapril,_smxTmpm9V
33,Samantha Hall,cynthia60,!6^U3kUnnk
34,Stephanie Chase,riveradaniel,%YP&e0)Lr0
35,Kimberly Bell,lorimartin,J@9Fjf!Z4P
36,Scott Gonzalez,brownwhitney,#6vmHA3jy)
37,Mary Torres,calhountristan,W&qO0Jt#&9
38,Kathy Brown,robertbarrett,!T7QktCUl5
39,Anthony Thompson,william81,oqtaQ$lH+6
40,Amanda Ramirez,hodgechristine,&F7bUsA1G4
41,Anthony Joseph,michael49,a&6&dlFk0%
42,Keith Cortez,nicole98,o6bZGz0W#4
43,Brian Terry,dsaunders,^mT*4GxBG@
44,Dustin Martin,qwarner,#_HKn##rF6
45,Edward Adams,williamsullivan,^^6y5mUf1y
46,Amanda Lee,bjohnson,+*0@DrS2@v
47,Erin Weber,steven35,M(Uu6mrY@5
48,Steven Kline Jr.,anthonyriley,$^VLE3YyW9
49,Jacob Blake,toddevans,Q#6_oYuXNz
50,Alexander Sanchez,sara90,G%*j6^RlLY
51,Taylor Hammond,fstone,7oiI7hck)G
52,Victoria Ellis,bgomez,+59cBP4xmY
53,Megan Contreras,bobby33,sK0rkQbjs#
54,Amy Jones,lisajohnson,@5Q9Ju8dva
55,David Welch,alicia28,%AH6kcFm!u
56,Joseph Bailey,tracy89,*7rUVfJgrh
57,Juan Cameron,derricksexton,29hq(7Trb!
58,Carla Lowe,ehenderson,aI4Ax*iN*b
59,Amanda Smith,tammy76,nKm9K3!gY(
60,Robert Tanner,patrick80,4^28GdZi+T
61,Richard Hansen,michael21,I8Q&1BKmow
62,Rachel Miller,youngmolly,$ftM!6s#89
63,Stephen Barron,johnsonbradley,aW7ihQCj3)
64,Mark Shaw,colleengarcia,_uF#I@Fwr5
65,Natasha Johnson,kendra70,$V71FsYsk+
66,Larry Strickland,astuart,RqNI$wnW)4
67,Robert Nash,beverlylong,(O&0BIv7)Z
68,Mariah Maynard,joanne78,uKQ7yOwa2&
69,Denise White,pmorales,w%4R@V!kc#
70,Heather Ochoa,mdelacruz,(zbEk^#hG7
71,Stacy Nielsen,samanthaalvarado,z(7RF*csIg
72,Cody Nguyen,svelez,(NOy_2eYw0
73,Adam Lang Jr.,asloan,ng(8NHbW4C
74,Alison Moore,ujones,z9Y^SKh^(m
75,Victor Meyer,gregorybenjamin,6tNdL1tM_2
76,Jay Davis,bmedina,^bSvUyW^8$
77,Jeffrey Jones,melissaneal,0E!0NBmR!@
78,Laura Wheeler,joshuabecker,jQ(4qOtH8r
79,Johnathan French,donnakim,@UAC4LZz72
80,Christopher Beasley,udelgado,MT)v57Gm9k
81,Megan Olson,robertyoung,(pKMCerX75
82,Martha Lee,cathy39,*ObLe%2gp8
83,Michelle Obrien,jwagner,KYJEKkj4+7
84,Jennifer Greer,mckinneynatalie,E8Tgo1I%@k
85,Jennifer White,benjaminhouse,@j2kBvuR%1
86,Jennifer Kidd,bailey81,nSP*3*JmfQ
87,Shannon Gonzales,woodandrew,972YhdWd_o
88,Jessica Larson,jessica85,pgab9CaNp!
89,Joshua Walsh,javier89,L)Nn8*Gz+U
90,Justin Richard,khughes,a&HVh4Kjqy
91,Eric Haas,chad91,l%10UxXhbI
92,Jennifer Kirby,moodytyler,#%2lhTOec8
93,Gregory Lewis,donna21,8ub2O^xl+o
94,Samuel Francis,wardtyler,Kse(6aKpf2
95,Lorraine Price,zturner,__(9A9m^Qr
96,Zachary Martin,rebeccahanna,vN85Lpix)C
97,Matthew Johnson,andersonemma,BAG8@FFm!V
98,Donna Wilson,weaverkelly,#p$DaSeoy5
99,William Smith,justin08,CAqEC)wn^8
100,Alan Bradley,theresa71,Z0Ur!)qf)6
